MobileNetV1/Conv2d_0_3x3/weights:0,[0.07978483, 0.8052249, 0.20019488, 0.18132184, 0.28190845, 0.33214766, 0.16507171, 1.0628074, -0.48974463, 0.54787344, -0.21440709, 0.14712122, -0.34296244, 0.22304432, 0.6107687, -0.20785931, 0.14928944, 0.019690253, 0.01727178, -0.026307996, -0.57553965, -0.103558384, -0.21439202, 0.08872227, -0.40958306, 0.56568533, -0.101189695, -0.3476964, -0.47390738, -0.5633081, 0.066682585, 0.3324073]
MobileNetV1/Conv2d_0_3x3/BatchNorm/beta:0,[0.6733937, 1.5870141, 2.2874103, 0.29416448, 1.3791308, -0.12768719, 1.7749214, -0.59514135, -0.55097294, 0.7297007, -2.0999515, -0.05857258, -0.3436543, -1.882825, -0.5318819, 0.5928376, -0.17337348, 2.4941835, -0.2123627, 0.16628262, 1.8305777, 0.14850691, 0.07821196, -0.22933012, 1.3734307, 0.1483289, -0.883931, -0.45029023, 0.09125204, -0.7373675, 1.8583285, 0.84594357]
MobileNetV1/Conv2d_0_3x3/BatchNorm/moving_mean:0,[-0.0064352355, 0.14781477, -3.2387836, -1.0883743, -0.00611029, -0.08357484, 2.2639458, 9.420242, -2.3832874, 6.45997, 2.0388644, 1.2567747, 1.3374447, 2.6785893, 4.2580466, -4.6194634, 0.37580696, -0.81322855, -4.287667, 2.0412018, -0.5599684, 2.290267, -1.3088421, 1.6959146, 0.45195273, 2.311276, -1.1508775, -2.0133262, -2.2701085, 2.1322954, 1.8943512, -0.006776123]
MobileNetV1/Conv2d_0_3x3/BatchNorm/moving_variance:0,[0.19088285, 1.2793392, 3.8637078, 0.67212087, 0.28990236, 0.18609916, 1.8259923, 31.016306, 1.9304332, 15.259751, 1.6634048, 0.5688017, 0.6733272, 2.8713183, 6.1709995, 8.050604, 0.31778893, 0.2805462, 7.3494806, 1.5319482, 0.937646, 1.8351153, 0.6420712, 1.0865691, 0.67752075, 2.4427826, 0.47845453, 1.4515753, 1.8952879, 2.7258363, 1.3741865, 0.28215107]
MobileNetV1/dw_Conv2d_1_3x3/depthwise_weights:0,[-0.41403833, -0.20507844, -1.588793, -0.21198933, -0.25892535, 0.9854018, -0.056612883, -0.3651402, -0.21713625, -0.00793517, 0.6656028, 0.40794227, -0.48193458, 0.9305562, -0.1355773, -0.12566146, -0.30737644, 0.46036515, 0.06510539, 0.7611382, -0.15494512, -0.65842694, 0.9690945, -0.32573313, -0.76501155, 0.056205314, -0.23777188, -0.48924503, -1.1203393, -0.29197565, 0.742214, 0.0039659976]
MobileNetV1/dw_Conv2d_1_3x3/BatchNorm/beta:0,[0.85669065, 1.7517724, 0.47842652, -0.7670665, 0.07348459, -1.0356473, 0.35137078, -1.0722443, -0.37502807, -0.48848757, -1.4119436, -1.4455156, -0.3447865, -1.8603714, -0.29413724, -0.7744312, -0.5762564, 0.62053764, -0.5075928, -1.0643523, 0.6509212, -0.5964423, -1.0755386, -0.2820746, 1.341197, -1.4599563, -0.1510711, -0.94157416, -0.55964077, -0.36545217, 0.737808, 0.03458552]
MobileNetV1/dw_Conv2d_1_3x3/BatchNorm/moving_mean:0,[-0.08442102, 4.157629, 0.12038616, 1.8174425, 0.24324648, 2.4430296, 0.15409333, 0.07097703, -0.85046947, -2.146141, 0.011061816, 2.7246807, -0.30326334, 0.039212685, -0.61698824, 0.88581216, -0.5233942, -0.08109401, -1.1044561, 1.387346, 0.95413387, -1.9448216, 6.789631, -0.6987123, 0.74084544, 1.921514, -0.13822615, 0.26048505, -2.8365169, -0.64978254, -0.32230297, -0.01422515]
MobileNetV1/dw_Conv2d_1_3x3/BatchNorm/moving_variance:0,[1.9633567, 5.7585373, 8.761634, 3.183206, 5.321099, 12.872607, 2.680562, 0.06760388, 2.1790173, 4.369889, 0.0068998714, 13.310843, 0.40545323, 0.042309027, 1.2287724, 0.86437154, 1.1534269, 4.7413626, 2.2094963, 3.2667248, 1.5962969, 5.3908978, 65.36497, 1.2558813, 2.6256928, 6.598588, 0.08685614, 0.2646974, 11.0537615, 1.9123942, 3.3987534, 4.4413757]
MobileNetV1/Conv2d_2_1x1/weights:0,[-0.17891738, -0.05125382, 0.007351068, -0.37152112, -0.14229783, 0.2081785, -1.0666828, -0.44459596, 0.5746908, 0.17889802, -0.25491694, 0.10074939, -1.0178164, -0.10778748, -0.46126544, -0.16349918, -1.2183564, 0.05932179, -0.28239176, -0.023170533, -0.36078715, -0.3644706, -0.06605716, -0.18008088, -0.17905113, -0.1215229, 0.06853596, -0.08748087, 1.6556251, -0.06594802, -0.020658853, 0.11064513]
MobileNetV1/Conv2d_2_1x1/BatchNorm/beta:0,[0.29697892, -0.05159581, 0.63201714, -0.11269176, 0.122060776, -0.1490278, 0.65871423, 0.28310952, 0.24913087, 0.52948457, -0.12712437, 0.67147654, 0.3004735, 0.16170506, 0.14813797, 0.60658264, 0.13181685, 0.2214026, -0.072127976, 0.15596996, 0.28741103, 0.2232829, 0.1374826, -0.0271541, -0.81126577, 0.06096174, -0.44742706, -0.30624115, -0.08953849, 0.2621499, 1.1508, 0.924043]
MobileNetV1/Conv2d_2_1x1/BatchNorm/moving_mean:0,[1.1282533, -1.0390184, -0.1493638, -0.053741824, 0.17054687, 0.07066643, -0.9250157, 0.14721045, 0.60116774, 1.2690176, 0.4211299, -0.4023087, -0.3896471, 1.7053407, 0.4462505, -0.4115354, -0.68361163, -0.7542651, -0.62253785, -0.9823439, -0.45088345, -2.0399582, -0.9983491, -1.3738885, 1.0427482, -0.6560939, -0.052660253, -0.5274206, 0.9048616, 0.048605915, 4.7987742, -0.6620401]
MobileNetV1/Conv2d_2_1x1/BatchNorm/moving_variance:0,[3.7821865, 0.76363516, 0.9907449, 1.1339473, 0.7713954, 0.4802235, 1.2552172, 1.3380771, 2.8340676, 0.7858523, 0.48019245, 1.2514353, 3.2126412, 1.4740103, 2.7317603, 1.1634781, 4.8675113, 1.2752662, 1.3761554, 4.072843, 1.1702738, 0.6834645, 2.406994, 1.1699516, 0.85071474, 0.91635734, 0.81638837, 0.7395497, 2.192439, 0.74357647, 8.391148, 2.2136056]
MobileNetV1/dw_Conv2d_3_3x3/depthwise_weights:0,[0.10547806, 0.020267231, -0.34439027, -0.343872, 0.092939965, 0.43733972, -0.19834268, -0.3973489, 0.2433747, -0.33280554, -0.08921721, 0.015902817, 0.690411, -0.272779, -0.093472004, 0.14970386, -0.53238577, -0.20906198, -0.04400236, -0.30287626, -0.4195053, 0.15464972, -0.03603344, -0.31892025, 0.14157793, -0.6495701, -0.13262077, 0.04257626, -0.1647714, -0.3701768, -0.81945807, 0.1866236]
MobileNetV1/dw_Conv2d_3_3x3/BatchNorm/beta:0,[0.03011968, 0.3930351, -0.17399152, 0.24014829, -0.13095982, 0.39258036, 0.32764336, 0.51382923, 1.0155157, 0.37165463, 0.1244729, 0.20655659, 0.7419976, 0.34425792, 1.422876, 0.29563177, 0.5044806, -0.2557853, -0.56649435, -0.11880697, 0.21623968, -0.30334055, 0.58947426, -0.46295273, 1.1005633, 0.12358224, -0.7991813, 0.41777033, 0.76907146, -0.21986748, 1.1983733, 0.4253135]
MobileNetV1/dw_Conv2d_3_3x3/BatchNorm/moving_mean:0,[-1.0796664, -0.45600384, -1.8344109, -1.173889, -0.7366216, -0.46516454, -0.31993634, -0.53636, 1.1606613, -1.2792565, -0.7410414, -2.3609507, 1.1671672, -1.3546401, -0.9133499, -1.0556022, -1.1430551, 0.96238226, 0.5522954, -0.823957, -1.4762185, -1.7816107, 1.0734822, 0.2349201, -0.3832762, -0.73482853, 0.25619164, -0.31765914, -0.64252305, -0.6899064, 0.66250926, 2.451982]
MobileNetV1/dw_Conv2d_3_3x3/BatchNorm/moving_variance:0,[2.3724947, 0.4429398, 1.5721161, 3.3178785, 0.9306271, 1.6865288, 1.2698326, 0.541801, 1.4052919, 1.9456847, 1.9465196, 2.4449694, 2.0978827, 4.4100747, 2.2325606, 1.1588012, 1.8630259, 1.520774, 0.9428237, 1.050744, 1.8508699, 3.1042538, 1.627923, 0.41265312, 0.9420746, 1.249465, 2.3389452, 0.42214838, 0.5342718, 0.67485905, 1.7087431, 1.4611621]
MobileNetV1/Conv2d_4_1x1/weights:0,[-0.19065683, -0.13872318, 0.22518763, 0.06926229, -0.00096388464, 0.14934924, 0.3862178, 0.061529607, 0.3315228, -0.14072534, -0.056734536, 0.09803202, -0.17212436, -0.21425982, -0.16210268, 0.56426674, -0.05798442, 0.076962, -0.49910176, -0.25500846, -0.04706714, 0.028188897, 0.5065227, 0.2865921, 0.05677082, -0.15698926, 0.11834913, 0.120852835, -0.04765582, 0.04822048, 0.007512382, -0.2536668]
MobileNetV1/Conv2d_4_1x1/BatchNorm/beta:0,[0.32880023, 0.3813551, 0.73879683, 0.026651666, 0.6303615, 0.31407008, 0.24151935, 0.31620625, 0.22344385, 0.12693019, 0.1906303, 0.2853692, 0.13055807, -0.14241977, 0.7355082, 1.175939, 0.47037488, 0.44136795, 1.1350294, -0.11116502, -0.10731746, 0.6776324, 1.2538399, 1.1982569, 0.13624766, 0.18678312, 0.73020226, -0.026390623, 0.20369948, -0.14762394, 0.13793916, 0.31204015]
MobileNetV1/Conv2d_4_1x1/BatchNorm/moving_mean:0,[1.152493, -0.47988856, 0.12221853, 1.0544089, 0.8069791, -1.0797182, 2.6047924, -0.20660296, 0.864117, 0.7600613, -1.1814586, 0.08680152, -0.44294512, 1.3213831, 0.6527252, 0.73189723, -0.8913895, 1.3511099, -2.8544233, -0.84108573, 0.57693917, 0.06413681, 0.77019215, -1.5398442, -0.78383297, -0.3534445, -0.66895694, -0.2677258, -1.1795535, 0.06331783, -0.52577734, 1.1876338]
MobileNetV1/Conv2d_4_1x1/BatchNorm/moving_variance:0,[4.0321527, 2.2674508, 2.20819, 1.1498786, 1.5836452, 2.2170382, 1.4990084, 2.2137575, 1.187404, 1.3912622, 1.0070928, 1.3837698, 1.839116, 1.6976961, 2.7682948, 4.149021, 1.4565328, 2.0641, 1.8143314, 1.2988809, 2.339968, 1.9196135, 1.4992583, 2.2708745, 1.6837796, 1.3578594, 1.4379799, 0.7644609, 2.2420244, 2.1147416, 1.3283228, 1.2467401]
MobileNetV1/dw_Conv2d_5_3x3/depthwise_weights:0,[-0.10918167, 0.2927245, -0.0760607, -0.12548444, -0.34991586, -0.21388488, 0.11829214, 0.0021536618, 0.10286093, -0.12175637, -0.102123596, 0.19997056, -0.027673723, 0.20073768, -0.07201118, -0.5679304, -0.2933127, -0.02146883, 0.16551416, 0.0101670595, 0.025993649, -0.392105, -0.08232971, -0.09490861, -0.094736665, 0.16742058, -0.24073426, 0.014906292, 0.2930092, -0.10253788, 0.035200395, 0.2004165]
MobileNetV1/dw_Conv2d_5_3x3/BatchNorm/beta:0,[0.29908893, 0.44399777, 0.0672564, -0.1040456, 0.050148103, 0.20915039, 0.61448807, -0.40002978, -0.3845666, 0.18149959, 0.013445098, -0.003930811, 0.118371636, -0.4334659, 0.12788986, 0.7211652, -0.012643633, 0.044166394, 0.35067627, -0.4628119, -0.12627214, 0.7488928, -0.025918044, 0.21030697, 0.09496086, 0.4477848, 0.003951006, -0.37946126, -0.0034530195, 0.11275726, -0.009946547, 1.0400534]
MobileNetV1/dw_Conv2d_5_3x3/BatchNorm/moving_mean:0,[0.60847664, 0.42731896, 0.6102233, -0.79048246, 0.1315002, 0.488909, -0.38781106, -0.80693465, -0.64512753, -0.6149197, 0.004434884, -0.7047183, -0.782881, 0.4966911, -1.2716492, 0.6396839, -0.95166475, 0.4593513, -0.4063089, 0.44480327, 0.05239877, 0.45409092, 0.10819176, 0.29504317, -0.6963544, -0.27509463, -0.0020175616, 0.22281773, 0.3526736, -0.36299697, -0.62432456, -0.2485185]
MobileNetV1/dw_Conv2d_5_3x3/BatchNorm/moving_variance:0,[0.55140007, 0.8725803, 0.90390766, 0.8372227, 0.74839365, 0.35646966, 0.31978294, 0.318212, 0.26654708, 0.41372523, 0.6035121, 0.60737485, 0.8413184, 0.35128427, 0.7031384, 0.8325495, 0.9830256, 0.4480719, 1.1177227, 1.1036208, 0.18862061, 1.5543554, 1.3016624, 1.2339596, 0.29026648, 0.2570514, 0.72956735, 0.17196932, 0.42663327, 0.25915954, 0.451406, 1.0333929]
MobileNetV1/Conv2d_6_1x1/weights:0,[0.023719622, 0.00034573305, -0.092493236, -0.42521363, 0.14951119, -0.07070794, 0.034871764, 0.15547979, -0.09051319, -0.088678464, 0.0635331, 0.13479266, -0.045222092, -0.05661903, -0.36569294, -0.14104041, 0.06015451, 0.13566005, -0.04849002, -0.1709997, -0.07447548, 0.08209383, 0.029207274, 0.23021597, -0.040256497, 0.17426026, 0.43678036, -0.06943326, -0.11645665, -0.23847932, -0.047217343, 0.23116148]
MobileNetV1/Conv2d_6_1x1/BatchNorm/beta:0,[0.1362851, 0.24740945, 0.22056587, 0.33631206, 0.13636282, 0.21362449, 0.0011279236, 0.49931404, 0.120251365, 0.7100795, 0.27665567, 0.1887747, 0.16138904, 0.008133148, -0.036136653, -0.002334288, 0.15933964, 0.029130194, 0.0022732962, -0.25039706, 0.21499644, 0.10141423, 0.010953235, 0.017141525, 0.25539052, 0.1035656, 0.11026451, -0.34217185, -0.014847241, -0.30708873, -0.15367618, -0.45793632]
MobileNetV1/Conv2d_6_1x1/BatchNorm/moving_mean:0,[1.1590979, -0.23080263, 1.645893, -1.1620477, 0.3721892, 0.22182195, -0.3448588, -0.33811936, -0.023332732, -2.2802842, 0.31793216, 0.47407123, -1.7198795, 0.16131082, -0.6900028, 0.3410471, 0.368588, -1.103988, -0.688174, 0.437887, -1.0664138, -0.64043295, 0.12789488, -1.092541, -0.38809308, 0.027708858, 2.4048047, -0.80839473, 1.8847392, -0.043323476, 0.018582076, -0.25867456]
MobileNetV1/Conv2d_6_1x1/BatchNorm/moving_variance:0,[2.7291982, 1.642741, 3.6918256, 1.8230906, 5.245146, 2.6870956, 1.836355, 1.767604, 2.0399592, 3.506857, 2.7599657, 2.8090446, 1.7910522, 3.601909, 3.5487497, 0.8934291, 4.01, 3.3992822, 0.79890686, 3.4754305, 2.0890737, 2.6141934, 1.013386, 1.7075344, 1.6899875, 1.2773266, 1.8786416, 2.3140662, 1.6383554, 1.4511222, 2.202016, 1.8510009]
MobileNetV1/dw_Conv2d_7_3x3/depthwise_weights:0,[-0.12823181, -0.09849223, -0.12430107, -0.10488971, 0.16277184, -0.12797867, 0.09396917, 0.24916367, -0.14282401, -0.011336427, -0.15663987, -0.09389817, 0.010151431, 0.28945488, -0.15534005, -0.0567647, 0.32923472, 0.21317647, -0.05808852, 0.11263606, -0.07554082, 0.09375505, 0.116505004, -0.10456162, -0.16851263, -0.015845247, -0.08427473, -0.1334316, 0.16678849, 0.34491768, 0.024651054, -0.16257453]
MobileNetV1/dw_Conv2d_7_3x3/BatchNorm/beta:0,[0.78108823, 0.8233319, 0.50143045, 0.17779313, 0.7987765, 0.43405423, 0.38646784, 0.551917, 0.6285548, 0.9827038, 0.5568888, 0.9188068, 0.16647868, 0.8196672, 0.35798174, 0.34509975, 0.8614319, 0.08981089, 0.16414228, 0.41708875, 0.4130142, 0.6840372, -0.1777041, 0.2606519, 0.17676389, 0.34009627, -0.09355796, -0.11410752, 0.22553994, -0.4179151, 0.22053315, -0.43086287]
MobileNetV1/dw_Conv2d_7_3x3/BatchNorm/moving_mean:0,[0.6566133, -0.76663715, -0.97274876, -0.8712589, 0.9201488, -0.8738602, 0.6923441, -0.41405505, -0.68286544, -1.4054421, 0.4301557, 0.8596472, -0.8295218, 0.77668446, -0.70766795, -0.4194935, 0.86591464, 0.77950424, -0.5213612, 0.6109201, -0.7350907, 0.5539379, 0.55852246, -0.61010385, -0.99990606, -0.65908605, 0.6135552, 0.2258616, 0.5852054, 0.5586108, 0.5198395, 0.21693735]
MobileNetV1/dw_Conv2d_7_3x3/BatchNorm/moving_variance:0,[0.62798566, 0.55501693, 0.71817636, 0.37003756, 1.0950648, 0.4873422, 0.6262207, 0.3748833, 0.41751242, 0.7849615, 0.6384806, 0.979633, 0.41707748, 0.94475776, 0.3528159, 0.22427842, 1.0834653, 0.7479416, 0.5814572, 0.43531778, 0.40987745, 0.613304, 0.66609585, 0.31538305, 0.77675253, 0.38334072, 0.6320088, 0.14078948, 0.49361157, 0.91125745, 0.4021524, 0.14536822]
MobileNetV1/Conv2d_8_1x1/weights:0,[0.04904936, -0.22849667, -0.20021984, 0.03257563, 0.13130662, 0.20640056, -0.09731435, 0.10197873, -0.13740608, -0.037340302, -0.026577638, -0.074421495, -0.050605007, 0.08992284, 0.12957528, 0.14167437, -0.06880751, 0.124319784, -0.045331616, 0.16187146, 0.13420033, -0.18326113, 0.035256144, -0.11686296, -0.08489992, 0.019047255, -0.02968509, -0.09638024, -0.021174256, -0.07412656, 0.150617, -0.077989645]
MobileNetV1/Conv2d_8_1x1/BatchNorm/beta:0,[-0.10640449, 0.6637107, 0.30142844, 0.2220046, 0.24767128, 0.24653359, 0.44624248, 0.8303132, 0.28785664, 0.18322396, 0.09077942, -0.15770413, 0.43502954, -0.024961319, 0.7952919, 0.006141076, 0.3118211, 0.0848899, -0.0002936115, 0.57882106, 0.23280358, 0.283282, 0.14963605, 0.63427854, 0.23737691, 0.25494072, 0.38077393, 0.38309816, 0.104775086, 0.23107427, 0.0376418, 0.08773396]
MobileNetV1/Conv2d_8_1x1/BatchNorm/moving_mean:0,[-0.46304494, -0.6263707, -0.1398588, -0.802675, -0.43625963, -1.4641008, -1.4706686, 0.7033646, -1.0929865, 0.06136971, 0.10721814, -0.37740427, -0.4022324, 1.270199, -0.43890968, 0.107525684, 0.8579171, -0.4445236, -0.6042471, -0.6259649, -1.5031241, -0.2589818, -1.1677021, -2.116862, 0.55331504, -0.8553921, -1.1482251, 0.08936686, -2.0508804, 0.05116268, 1.4185094, -0.8748624]
MobileNetV1/Conv2d_8_1x1/BatchNorm/moving_variance:0,[1.5094997, 3.588283, 1.7118859, 2.76987, 1.311751, 2.0801847, 2.616739, 4.5465183, 1.7443595, 3.1007447, 1.9426191, 1.00591, 2.1137938, 1.3882204, 2.655886, 2.0405953, 2.2367795, 1.3197801, 1.9304297, 3.0835054, 1.6887883, 1.5405154, 4.1905756, 4.7838545, 1.7917228, 1.3133072, 2.7102582, 2.529821, 1.4594313, 1.6403073, 1.8282028, 1.4048725]
MobileNetV1/dw_Conv2d_9_3x3/depthwise_weights:0,[-0.0590156, -0.11510677, 0.011227293, -0.100284524, -0.0063484907, -0.1431766, -0.08263154, -0.03878669, 0.29874504, -0.095013805, -0.22918609, -0.20091304, -0.24539363, 0.013747723, 0.3051102, -0.037508275, 0.009516647, -0.03222245, 0.051091924, 0.0714443, -0.23785596, -0.06538024, -0.2950181, -0.25243846, 0.060374383, 0.039248243, 0.026751855, -0.109739624, -0.29864356, -0.12334174, 0.050737187, -0.24716692]
MobileNetV1/dw_Conv2d_9_3x3/BatchNorm/beta:0,[-0.24692926, 0.15625992, 0.018634722, 0.14049812, -0.09283219, 0.0385302, -0.071679294, 0.5326402, 0.10787418, -0.3889251, 0.00393115, 0.0755923, -0.03546242, -0.29309696, 0.07235023, -0.21432993, -0.01857963, -0.28831002, 0.19351609, -0.07186869, -0.08608192, 0.0076890285, 0.36901647, 0.37033695, -0.08772958, 0.3677925, 0.0027508491, 0.0035574145, 0.03901366, -0.037598275, 0.064935364, 0.027360452]
MobileNetV1/dw_Conv2d_9_3x3/BatchNorm/moving_mean:0,[0.21443512, 0.14003584, -0.57632554, 0.10680403, -0.6009206, -0.6419159, -0.008670459, 0.332722, -0.37743646, 0.5218497, 0.0121631995, -0.37380224, 0.011518113, 0.2617971, 0.010440694, 0.1080134, 0.034876443, 0.29468393, -0.43051723, -0.016300874, -0.5107406, 0.09405618, 0.20687266, -0.016924756, 0.02250608, -0.30541173, -0.00480782, 0.459855, 0.047151882, 0.03847753, -0.479061, -0.27075693]
MobileNetV1/dw_Conv2d_9_3x3/BatchNorm/moving_variance:0,[0.11815303, 0.46793753, 0.27553204, 0.31704894, 0.32690692, 0.26924345, 0.25466213, 0.8388257, 0.3246259, 0.28513682, 0.24812067, 0.20205444, 0.43639365, 0.25280425, 0.49165872, 0.09115504, 0.36197627, 0.15028776, 0.22193478, 0.3516697, 0.18360299, 0.2857399, 0.47923875, 0.22999549, 0.21571203, 0.2625927, 0.37137565, 0.2807644, 0.3423697, 0.20028289, 0.28528252, 0.14632884]
MobileNetV1/Conv2d_10_1x1/weights:0,[-0.13896583, 0.01543493, 0.1381108, -0.050478637, -0.018006504, 0.103673205, 0.06517399, -0.09475784, 0.09163535, 0.035756666, -0.049483836, -0.10321441, -0.14713395, -0.011395912, -0.08681525, -0.08204798, -0.018912526, -0.118884094, -0.025849316, 0.13413328, -0.07895544, 0.00036755684, -0.013680817, -0.05845174, -0.06237541, -0.049114887, -0.04262572, -0.078987755, 0.05245908, 0.07350528, -0.12218101, -0.00092319]
MobileNetV1/Conv2d_10_1x1/BatchNorm/beta:0,[-0.17298958, 0.14352112, 0.15757684, 0.3924423, 0.0030606873, 0.049268425, -0.3118603, -0.032596413, 0.13026375, 0.19483177, 0.028703775, -0.19910946, -0.21227343, 0.1705361, -0.004866345, -0.060571484, -0.15562207, -0.07242438, 0.22761664, 0.22791198, 0.17114998, 0.26286125, 0.16034524, 0.040957276, 0.29136404, 0.079133846, 0.34917885, -0.25600988, -0.23165916, 0.25325206, -0.16816792, 0.147992]
MobileNetV1/Conv2d_10_1x1/BatchNorm/moving_mean:0,[-0.11808024, 0.7598491, 1.4223694, 1.6387919, 0.3426669, 0.24694169, 0.6493229, 1.4672059, 0.49680996, 0.70555794, 0.8124463, -0.1772677, -0.98337203, -0.48227957, -0.63568383, 1.1845629, -0.90975076, 0.9434324, -2.6306984, -0.84899694, 0.60807157, -0.99843425, 0.25566563, 0.28098413, -0.42704877, 0.42153385, 0.7149488, 1.831809, 0.25877178, 0.39117244, -0.18364568, -0.6174968]
MobileNetV1/Conv2d_10_1x1/BatchNorm/moving_variance:0,[2.5600638, 1.443298, 3.256011, 1.1880139, 1.3718613, 1.4265003, 1.683518, 3.0584786, 1.7126766, 2.1761675, 3.0187032, 4.944029, 1.9266579, 1.2949013, 2.1081698, 2.2672994, 2.409452, 0.8987059, 1.9726994, 0.9750729, 1.0493873, 1.2858063, 1.4216756, 2.0272894, 3.4553633, 1.1876854, 1.8138077, 3.932289, 1.9276619, 1.328084, 1.1984715, 1.4586233]
MobileNetV1/dw_Conv2d_11_3x3/depthwise_weights:0,[0.13185506, 0.02672787, 0.15777385, -0.08243682, -0.057001144, -0.09081274, 0.013969726, 0.16535713, -0.09864499, 0.16751347, 0.006847051, 0.10801641, -0.0075248256, -0.13923232, -0.07700347, 0.16798054, 0.089166716, -0.09353308, 0.1383526, -0.32098848, -0.17440295, -0.09906679, 0.070479974, -0.01974662, 0.114928596, -0.045432158, -0.093565226, 0.014215698, 0.18448697, -0.08151108, 0.057311982, -0.067469]
MobileNetV1/dw_Conv2d_11_3x3/BatchNorm/beta:0,[0.7124854, 0.3105193, 0.72346383, 0.30985218, 0.06956804, 0.17608982, 0.4006041, 0.5495307, 0.36771208, -0.047757886, 0.5371721, 0.5699919, 0.057153832, 0.14864373, 0.35812056, 0.13797235, 0.4730253, 0.2116901, 0.35497367, 0.28623343, 0.13976826, 0.26774043, 0.2973904, 0.3915593, 0.43548122, 0.261034, 0.3808357, 0.5377874, 0.3684264, 0.11778465, -0.17435467, 0.32028005]
MobileNetV1/dw_Conv2d_11_3x3/BatchNorm/moving_mean:0,[0.54844916, 0.2820966, 0.8174078, -0.7184052, 0.4332977, -0.4455493, 0.25824305, 0.5245447, -0.568519, 0.015831493, 0.6401799, 0.5195928, 0.42483884, -0.6491567, -0.4477951, 0.4779355, 0.5309106, -0.32535154, 0.6714189, -0.48881328, -0.47688657, -0.5963067, -0.5500387, 0.5419133, 0.923338, -0.47650453, -0.7366534, 0.46421084, 0.4228202, -0.62594116, 0.31994534, -0.5802537]
MobileNetV1/dw_Conv2d_11_3x3/BatchNorm/moving_variance:0,[0.5019562, 0.2685132, 0.5091648, 0.33743683, 0.22660182, 0.20623115, 0.18062693, 0.27566057, 0.25578302, 0.20791723, 0.3252982, 0.2707556, 0.21789183, 0.3292903, 0.14922248, 0.20738307, 0.3511098, 0.13930808, 0.27008745, 0.24039009, 0.17223506, 0.25420332, 0.2693656, 0.33548295, 0.63763434, 0.20533895, 0.31240273, 0.37657458, 0.31240475, 0.26263222, 0.21190862, 0.30673543]
MobileNetV1/Conv2d_12_1x1/weights:0,[-0.034333214, -0.11211799, -0.07530714, 0.09362519, -0.05811587, -0.008362341, 0.0021979022, -0.13814326, -0.11012939, -0.003275801, 0.094047666, -0.017635379, 0.1806126, -0.056868587, -0.07183041, -0.029752346, 0.18039295, -0.083116114, -0.057917498, 0.012534887, 0.17601484, -0.02970646, -0.0084277345, 0.049249303, 0.0005834589, -0.07445188, 0.100763544, -0.07524334, -0.09879779, 0.1460702, -0.0059031304, -0.06893304]
MobileNetV1/Conv2d_12_1x1/BatchNorm/beta:0,[0.2552256, 0.2036318, 0.21750745, 0.21768042, 0.23596926, 0.1708273, 0.12271493, 0.084586084, -0.017807117, 0.3472457, 0.16768585, 0.10775895, -0.066686906, 0.28064245, 0.20146635, 0.19884874, 0.050752997, 0.10891229, 0.19567722, 0.118987344, 0.1576137, 0.17456762, 0.30949318, 0.10960383, 0.049721736, 0.27340776, 0.30654764, 0.3438805, 0.32280746, 0.12707096, 0.2433198, 0.3755963]
MobileNetV1/Conv2d_12_1x1/BatchNorm/moving_mean:0,[-0.71424973, -1.2869567, -0.9073003, -3.1064947, -0.7195996, -0.39578074, 1.021183, -0.22035591, -1.8844979, -1.0134997, -0.6356451, -0.5716973, -1.245717, -1.0187724, -1.4202521, -1.3487562, -0.07317104, -0.2841982, -1.5156888, -0.7868781, -0.5739112, -0.61707634, -0.7868985, 1.424267, -0.7666924, -0.35824656, -1.7094957, -0.5591544, -0.8610947, 1.2770193, -0.13684474, -1.8506175]
MobileNetV1/Conv2d_12_1x1/BatchNorm/moving_variance:0,[1.8584251, 1.8941635, 1.627675, 2.2163463, 1.8604887, 1.8427349, 2.3098562, 1.4160798, 1.6624037, 3.2516866, 1.8276052, 2.0534806, 2.2771513, 1.5933721, 1.2605444, 2.0737412, 1.165372, 2.4102242, 2.536295, 2.0661895, 2.2022336, 1.8779867, 3.8423524, 1.6900809, 2.0178664, 1.8565644, 2.2235775, 1.5971233, 2.9173062, 1.7108408, 5.172872, 3.1958938]
MobileNetV1/MobileNetV1/block-14x14/dw_Conv2d/depthwise_weights:0,[-0.16868457, -0.15674852, -0.041862007, -0.06401588, 0.11876575, 0.08597895, 0.04952005, 0.07282137, -0.23081186, -0.22201997, 0.08747657, 0.26768506, -0.044199686, -0.29411405, -0.09899185, -0.08235128, -0.030039316, -0.035991967, 0.021723568, -0.041124545, -0.10055987, -0.21091357, -0.15099771, -0.034671918, -0.04282528, 0.33912393, -0.09639895, 0.054210845, 0.15426703, 0.19570374, 0.12789176, 0.25810227]
MobileNetV1/MobileNetV1/block-14x14/dw_Conv2d/BatchNorm/beta:0,[0.11307258, 0.016915338, 0.09643312, -0.08495615, -0.14530201, -0.11938523, -0.1081783, -0.120904736, 0.03271485, -0.05572187, -0.11236773, 0.09619066, -0.119131245, 0.054642327, 0.018396126, 0.0649647, 0.061911542, -0.10034383, -0.08210345, -0.042048115, 0.0149076, -0.03302402, -0.005165932, 0.057573874, -0.037100293, -0.0014622144, -0.09584461, -0.12416143, -0.081352614, 0.15768205, 0.18510795, -0.07022325]
MobileNetV1/MobileNetV1/block-14x14/dw_Conv2d/BatchNorm/moving_mean:0,[-0.20052359, 0.014015844, -0.29799625, -0.41702554, -0.30706418, -0.0980203, 0.21364528, 0.041357204, 0.115808465, -0.08991386, 0.006634805, -0.008456652, 0.16202879, -0.280821, -0.09875346, -0.20993727, -0.27219635, 0.18451183, 0.19696786, -0.41330397, -0.42214313, 0.07580665, 0.37938935, -0.20056145, -0.28767407, -0.15030189, -0.018116182, -0.0524178, -0.024649201, -0.1395921, -0.028107775, 0.018074133]
MobileNetV1/MobileNetV1/block-14x14/dw_Conv2d/BatchNorm/moving_variance:0,[0.24451998, 0.14067301, 0.1729414, 0.12291704, 0.107586265, 0.17525145, 0.14463595, 0.07120616, 0.16905542, 0.1974285, 0.15153663, 0.15886109, 0.10193192, 0.1763614, 0.14039682, 0.16860901, 0.13799559, 0.10505517, 0.101294085, 0.14186038, 0.18677843, 0.16662042, 0.18281257, 0.11871682, 0.105232164, 0.18066616, 0.17611219, 0.1961378, 0.24996388, 0.15960588, 0.2285203, 0.23781098]
MobileNetV1/MobileNetV1/block-14x14/conv/weights:0,[0.088979855, -0.047084287, 0.043645117, 0.046249826, 0.031065008, -0.051186927, -0.032040723, -0.13338801, 0.06257047, -0.043090574, -0.018549753, 0.07749514, -0.05621406, -0.06541157, -0.14632569, 0.0263024, 0.02883929, -0.037613917, -0.06992113, -0.08821451, 0.0235269, 0.16442683, -0.064723566, 0.070461, -0.023867141, 0.037013885, 0.17330696, -0.021015637, 0.022745265, 0.03198174, -0.040289298, -0.07224571]
MobileNetV1/MobileNetV1/block-14x14/conv/BatchNorm/beta:0,[0.0518793, 0.107592046, -0.13681242, 0.25473937, 0.017635195, 0.1066819, -0.011109158, 0.13243118, 0.05817393, -0.12922472, 0.05749779, 0.008170613, 0.022864297, 0.032438163, 0.25038606, -0.00531387, -0.028839381, 0.03888581, 0.06300817, 0.32798132, 0.13088293, 0.19144174, -0.0143514685, 0.08091424, 0.026902426, 0.31223002, 0.2178992, 0.0133423405, 0.2721747, 0.15732701, 0.012837081, -0.03455153]
MobileNetV1/MobileNetV1/block-14x14/conv/BatchNorm/moving_mean:0,[0.15183516, 0.19557045, -1.2677163, -0.09827857, -0.69645435, -0.8597258, 0.5521177, -1.3980459, 0.2839997, -1.1165512, -1.0489929, 1.2655407, -0.7057219, -0.3936203, 0.5630518, 0.14667234, -0.9772925, 0.22329596, 0.43746468, -1.3642461, 0.48291245, -0.23097019, -1.3743439, 0.00455407, 0.6946895, 1.493486, 0.47276524, -0.51912254, -0.40735066, -0.33452287, -0.8951853, -0.19554986]
MobileNetV1/MobileNetV1/block-14x14/conv/BatchNorm/moving_variance:0,[1.568177, 1.1528417, 2.1514764, 2.0276396, 2.5660691, 1.1135986, 1.550321, 1.0533447, 0.97087616, 2.7292938, 1.2413263, 1.8313051, 1.7746009, 1.4076985, 1.7794186, 0.78185475, 3.1484938, 1.2311916, 1.8012096, 1.2168676, 2.0424702, 1.6572953, 1.9665191, 1.0870296, 0.99373174, 1.816374, 1.5908836, 1.6350269, 2.1218247, 1.0258725, 1.6556029, 1.3858042]
MobileNetV1/MobileNetV1/block-14x14_1/dw_Conv2d/depthwise_weights:0,[0.0062950742, 0.0022639309, -0.004956, -0.095055625, -0.09286028, -0.24774, 0.0026702955, -0.07078233, -0.24388969, 0.14216721, 0.075531416, 0.064351074, -0.07554173, 0.022696823, -0.1502586, -0.036293373, 0.091710396, -0.28874907, 0.1540155, -0.08201086, -0.32887587, -0.080105, 0.04111281, 0.008985465, 0.020009108, 0.108988255, -0.111092605, -0.17755856, -0.057432048, 0.158238, -0.10600785, -0.10005485]
MobileNetV1/MobileNetV1/block-14x14_1/dw_Conv2d/BatchNorm/beta:0,[0.17061463, 0.09166518, -0.09953131, 0.107290104, 0.039706197, -0.010947721, -0.05129291, 0.075323686, 0.14567749, -0.10376556, 0.09344272, -0.15394166, 0.075250864, 0.008349354, 0.35123459, 0.11344684, 0.14547612, 0.18347248, 0.1406328, 0.05876032, -0.018666353, -0.0015670158, -0.037052482, 0.08197313, 0.038487285, 0.11638289, 0.14150202, 0.15777701, 0.19080146, 0.22654009, 0.08351803, 0.09429439]
MobileNetV1/MobileNetV1/block-14x14_1/dw_Conv2d/BatchNorm/moving_mean:0,[0.13992949, -0.3605462, 0.19344881, -0.37095514, 0.23553404, -0.20524041, 0.19103914, -0.2718683, -0.2669185, 0.19346794, -0.19867544, 0.2064578, -0.35807547, 0.12953186, -0.105080485, -0.19881079, 0.17089461, -0.21435235, -0.062092792, -0.4905045, -0.0465055, 0.090196684, 0.2959615, -0.28535497, 0.085526116, -0.004353921, 0.073124014, -0.32574394, 0.19478925, -0.26543564, -0.34409192, -0.28688967]
MobileNetV1/MobileNetV1/block-14x14_1/dw_Conv2d/BatchNorm/moving_variance:0,[0.13298254, 0.10102967, 0.12498541, 0.110162064, 0.13521482, 0.09727446, 0.107527554, 0.108346224, 0.09635474, 0.093123384, 0.11253916, 0.14939316, 0.10457654, 0.14178629, 0.21777569, 0.09232579, 0.13905065, 0.11686733, 0.19971845, 0.1346274, 0.13532339, 0.15820411, 0.17689821, 0.09532928, 0.07738227, 0.17530885, 0.12742095, 0.09237569, 0.2587407, 0.12626721, 0.09587269, 0.06301666]
MobileNetV1/MobileNetV1/block-14x14_1/conv/weights:0,[0.08403282, 0.060106136, -0.053599544, 0.029415755, 0.05625592, -0.05547136, -0.0088220015, 0.098329335, 0.02050221, 0.046296094, -0.04983068, -0.08353462, -0.04678268, 0.015680429, 0.062276214, -0.048717402, 0.021680174, 0.07610771, 0.028235016, -0.030733552, 0.045159448, -0.07461706, -0.0009124494, -0.09465383, -0.0032492103, 0.018751115, -0.013676665, 0.15852812, -0.020948067, 0.0868768, -0.06391114, -0.018158073]
MobileNetV1/MobileNetV1/block-14x14_1/conv/BatchNorm/beta:0,[0.06462556, -0.017156135, 0.08388825, -0.040378533, -0.010012454, -0.14655533, -0.12724058, 0.0739017, 0.077091716, 0.17800239, 0.14475434, 0.07867758, -0.08494416, 0.10865227, 0.06395223, 0.08937152, 0.05617931, 0.12013165, 0.03781314, 0.007366988, -0.0013763353, -0.12147165, 0.043675587, 0.07828979, -0.18447939, 0.14471513, -0.19704206, 0.082022525, 0.07889283, 0.08202792, -0.07068268, -0.17086962]
MobileNetV1/MobileNetV1/block-14x14_1/conv/BatchNorm/moving_mean:0,[-1.0199726, -0.1708669, -1.348819, -0.97461104, 0.7792941, 0.07883002, 0.29151797, -1.2104292, -1.0161554, -0.14203289, -0.19779843, 0.050537705, 0.34661686, -0.3721788, 1.0740291, 0.76791334, -0.90909064, -0.3797081, 0.10923753, 0.12572397, 0.32529336, -1.7359197, -1.6769803, -0.26539698, -0.15341906, 0.5898934, -1.1441085, -0.00066696503, 0.15250078, 0.20699441, -0.080095194, 1.6739613]
MobileNetV1/MobileNetV1/block-14x14_1/conv/BatchNorm/moving_variance:0,[1.8130144, 4.396823, 1.3304297, 3.5454376, 3.7012358, 2.7104359, 3.4783726, 1.3917582, 1.5421357, 1.8960228, 0.83975095, 0.89117, 1.8413506, 1.3154275, 1.772968, 1.3632978, 1.1949365, 2.7062774, 1.0305674, 2.2151027, 1.044536, 2.592535, 3.0509746, 1.8100551, 2.6671, 1.5926614, 3.4040732, 1.6106772, 1.5668689, 1.3289056, 2.306026, 1.8000463]
MobileNetV1/MobileNetV1/block-14x14_2/dw_Conv2d/depthwise_weights:0,[0.034127757, -0.28534913, 0.09371142, -0.05094124, 0.044730797, -0.055610504, -0.048241105, 0.067170314, 0.24676138, -0.11465195, -0.21395227, -0.079301514, 0.16770677, -0.1293914, 0.22246698, -0.08844501, -0.10876566, -0.0067912424, 0.09153285, 0.13173486, -0.018963225, 0.22649857, 0.04636276, -0.010280843, 0.057982165, -0.07968123, -0.019243702, 0.09133686, -0.036505654, -0.020528639, -0.07381885, 0.053919815]
MobileNetV1/MobileNetV1/block-14x14_2/dw_Conv2d/BatchNorm/beta:0,[0.06538612, 0.08668236, 0.13338622, -0.002396632, 0.018663542, -0.034705363, -0.11201273, 0.06317606, -0.08770119, -0.075421624, 0.112919375, 0.10772147, -0.02619426, -0.02543506, -0.02878716, 0.1071059, 0.1071334, 0.041489486, 0.090464056, 0.005189328, 0.060712583, -0.07430712, 0.053245645, 0.052805334, -0.10200567, -0.042224016, 0.0492448, -0.029065909, 0.09161843, 0.13202523, -0.040224068, -0.07233979]
MobileNetV1/MobileNetV1/block-14x14_2/dw_Conv2d/BatchNorm/moving_mean:0,[0.21898581, 0.27604744, 0.054126106, 0.26969916, 0.30445358, 0.20906016, 0.27038893, 0.052157123, 0.19603693, -0.35341424, -0.2536015, -0.16085571, 0.08121609, -0.05223004, 0.18297583, -0.3135828, -0.327392, 0.2876164, -0.2751054, 0.24226971, -0.23927568, 0.251761, 0.29000777, -0.3103336, 0.21168803, 0.1504459, 0.18472542, 0.22414586, -0.2997075, -0.27982414, 0.16157103, 0.16904853]
MobileNetV1/MobileNetV1/block-14x14_2/dw_Conv2d/BatchNorm/moving_variance:0,[0.12065177, 0.15706235, 0.11358436, 0.13827439, 0.14217804, 0.12131388, 0.12102005, 0.076876014, 0.14488491, 0.10049452, 0.08700424, 0.06520217, 0.07867445, 0.0985024, 0.09563683, 0.08479446, 0.103307895, 0.15429097, 0.076924704, 0.11061879, 0.06479046, 0.08759052, 0.17229415, 0.076935574, 0.1355758, 0.1620637, 0.15193234, 0.11590092, 0.077382125, 0.07563251, 0.07526474, 0.06994737]
MobileNetV1/MobileNetV1/block-14x14_2/conv/weights:0,[0.0633345, -0.11696348, -0.1516739, 0.061277427, 0.06171195, 0.05716161, -0.035863146, 0.10453081, -0.07570139, 0.009987587, 0.06762474, -0.022774456, -0.040916253, 0.019624654, -0.0017822258, -0.09914921, -0.013967242, -0.038026683, 0.016374096, -0.027256967, -0.05986689, 0.023556996, -0.13812722, 0.027275026, 0.124713905, 0.03470272, 0.02170667, 0.08400584, -0.20925388, -0.04921668, -0.1506565, 0.044572003]
MobileNetV1/MobileNetV1/block-14x14_2/conv/BatchNorm/beta:0,[0.0858298, -0.04573232, 0.10786145, 0.10906565, 0.083473265, -0.057839405, 0.16935554, -0.04347029, 0.104898065, 0.12677863, -0.0025643343, 0.0069328863, -0.008400146, 0.06749944, 0.1172449, 0.015377702, 0.12422116, -0.09359275, -0.26923358, -0.3649871, 0.028683415, 0.07007708, -0.02131049, 0.06514349, 0.003470533, 0.061497044, -0.20659068, 0.11529818, -0.30753404, 0.041982483, -0.1909098, -0.0040088845]
MobileNetV1/MobileNetV1/block-14x14_2/conv/BatchNorm/moving_mean:0,[0.060224254, -1.1310863, 0.1592914, -0.099923044, -0.25195408, -0.42221996, -1.4535179, -1.126861, -0.44175085, -0.0028737362, 0.9215103, -0.0066272565, 0.2878374, -1.0735463, -0.0044901012, -0.9272273, 0.042515106, 0.89732784, 2.456528, 1.2570107, 0.56549776, 0.23312974, 0.20025247, 0.36084837, 0.63708025, 1.9094607, -0.3373997, -0.5539735, -0.106862165, -0.4010446, 1.2037129, 0.16383532]
MobileNetV1/MobileNetV1/block-14x14_2/conv/BatchNorm/moving_variance:0,[1.8240163, 2.5624287, 0.9379024, 1.4359161, 0.79362386, 1.2780228, 1.106988, 2.3333147, 1.2571462, 1.8290894, 1.3828175, 1.7968172, 1.7586911, 1.2251174, 1.0311215, 1.1477903, 1.0252018, 1.9933819, 2.7139935, 2.704549, 1.5404534, 1.4304162, 1.5170162, 1.3193173, 3.0782607, 3.1409657, 2.6845055, 0.93918645, 3.7237957, 1.4042623, 2.687227, 1.0657277]
MobileNetV1/MobileNetV1/block-14x14_3/dw_Conv2d/depthwise_weights:0,[-0.0623357, 0.058553565, -0.18003342, -0.17728095, 0.10593975, -0.17282237, -0.07026202, 0.13550697, -0.0481201, 0.019693868, -0.079019405, -0.076565616, -0.12797703, 0.095678166, 0.040089503, -0.08366941, -0.03005769, -0.12765922, 0.0038648357, -0.0072276676, -0.15442921, -0.07266024, 0.05983481, -0.09708052, -0.0007586692, -0.04002129, 0.13044898, -0.13314411, 0.23877494, 0.00572386, 0.053383138, -0.063470185]
MobileNetV1/MobileNetV1/block-14x14_3/dw_Conv2d/BatchNorm/beta:0,[0.1230438, -0.037673187, 0.23105831, 0.16874303, 0.07311549, 0.20960061, 0.17310111, -0.06519133, -0.0007339307, 0.23884171, 0.110804744, -0.062854335, 0.11952505, 0.2006888, 0.0929951, -0.00854728, 0.09868389, 0.018719072, -0.09361287, -0.27806064, 0.14531787, 0.08214988, -0.07583175, -0.020921856, -0.11305183, -0.12161008, -0.15335149, 0.12593973, -0.34026718, 0.07093849, 0.014018814, 0.052255105]
MobileNetV1/MobileNetV1/block-14x14_3/dw_Conv2d/BatchNorm/moving_mean:0,[-0.29025456, 0.28139162, -0.13229927, -0.30569834, -0.20569101, -0.22677568, -0.3069438, 0.22177549, -0.255822, -0.31923956, -0.22826138, 0.1294529, -0.22247256, -0.22488417, -0.31636056, -0.233565, -0.25710538, 0.15220515, 0.1898459, 0.18708046, -0.22568935, -0.25373432, 0.13335939, 0.022416757, 0.30057314, 0.35821185, 0.22166744, -0.2090273, 0.22993876, -0.22914737, 0.23742947, -0.20983474]
MobileNetV1/MobileNetV1/block-14x14_3/dw_Conv2d/BatchNorm/moving_variance:0,[0.0712487, 0.10727564, 0.13012692, 0.08793281, 0.08696323, 0.053602703, 0.0868495, 0.12775476, 0.050454445, 0.098224916, 0.06015245, 0.11061513, 0.052229315, 0.097140685, 0.08468658, 0.051527806, 0.085130244, 0.12132343, 0.07710313, 0.10001919, 0.06813348, 0.06338329, 0.09240318, 0.1214186, 0.14723653, 0.16981314, 0.10125378, 0.06560939, 0.09219743, 0.051918395, 0.10436074, 0.0489201]
MobileNetV1/MobileNetV1/block-14x14_3/conv/weights:0,[-0.0846703, 0.008119139, 0.08026366, -0.058981407, -0.02197808, 0.10208941, -0.080183096, -0.01421437, 0.03967784, 0.025091916, -0.043121092, 0.026817875, -0.119237125, 0.056856934, -0.11239618, -0.09347672, 0.002891128, -0.053699877, 0.046333645, 0.02692233, 0.054995745, 0.013820239, -0.019143322, 0.007979193, 0.07378549, -0.049549017, -0.033295415, 0.03528241, -0.073367834, -0.029430347, 0.0059203515, 0.009794524]
MobileNetV1/MobileNetV1/block-14x14_3/conv/BatchNorm/beta:0,[-0.16072172, 0.074999236, 0.024655815, 0.0917574, 0.0035858622, -0.0866973, 0.047255863, -0.17962693, -0.2730195, -0.09526444, -0.0727261, 0.06296511, -0.03343793, 0.07639574, -0.08264762, -0.016191056, 0.114339426, 0.08158334, -0.040446375, 0.05326739, -0.39028576, -0.014724194, 0.074308015, -0.3928508, 0.2534465, -0.16301571, -0.051687803, 0.108851485, -0.18687113, 0.039505538, -0.009126357, 0.110702105]
MobileNetV1/MobileNetV1/block-14x14_3/conv/BatchNorm/moving_mean:0,[-0.10300265, 1.5867379, -0.17039216, 0.049877815, -0.10200385, -0.47685483, 0.45382428, 1.1282238, 0.041691244, 0.24494922, 0.32972375, -0.09207645, 0.19133276, -0.9380592, 0.81672513, 0.29303628, 0.25259748, 0.41808453, 1.381578, 0.71002364, -0.11795393, 0.31586573, -0.4650713, 0.35250798, -0.1435104, 0.21017149, -0.47486702, -0.17270495, 0.82825375, 0.11434158, 0.32772076, -1.3577495]
MobileNetV1/MobileNetV1/block-14x14_3/conv/BatchNorm/moving_variance:0,[3.455506, 2.1454196, 1.203076, 0.95200926, 1.2762626, 1.7483648, 1.1028159, 2.979011, 2.7107017, 2.0050309, 2.9562984, 1.0462395, 1.170049, 1.1890262, 1.7583753, 1.314687, 1.281893, 1.0903215, 2.3643165, 1.7831746, 3.6343875, 1.0862693, 1.3532735, 3.4310305, 2.3017166, 4.1951585, 2.8318174, 1.0768088, 3.4879482, 1.2846166, 2.717186, 1.0459199]
MobileNetV1/MobileNetV1/block-14x14_4/dw_Conv2d/depthwise_weights:0,[0.09367441, 0.1458859, -0.08372652, -0.028976731, -0.03157731, -0.060425334, -0.09504373, 0.06443876, 0.12765843, 0.25040105, 0.14207368, -0.08891695, -0.06930661, -0.098681554, 0.07425587, -0.13594806, -0.111223064, -0.11244239, 0.13250926, 0.08788521, 0.09473979, 0.0061493027, 0.26401788, 0.08430787, 0.1905725, 0.25703156, 0.2073081, -0.094929084, 0.13137881, -0.096228994, 0.13770759, -0.05603805]
MobileNetV1/MobileNetV1/block-14x14_4/dw_Conv2d/BatchNorm/beta:0,[-0.089543656, -0.1293527, 0.091633275, 0.09742615, 0.25926816, 0.23064396, 0.07408954, -0.02792345, -0.042201094, -0.059646197, -0.036997076, 0.028973231, 0.16028705, 0.14313701, 0.0693173, 0.168961, 0.04187511, 0.139336, -0.12482222, -0.13286828, -0.20918186, 0.1883652, 0.06755813, -0.10110607, -0.18198438, -0.00055024226, -0.15708669, 0.046199493, -0.088516794, 0.17500375, -0.14684755, 0.0856485]
MobileNetV1/MobileNetV1/block-14x14_4/dw_Conv2d/BatchNorm/moving_mean:0,[0.27006733, 0.32371494, -0.17704086, -0.23114286, -0.23041542, -0.18782455, -0.21904282, 0.22025906, 0.21655998, 0.15014142, 0.2951263, -0.20066883, -0.16880797, -0.23485288, 0.25823572, -0.17683718, -0.2181725, -0.20706107, 0.27723402, 0.2686453, 0.19834203, -0.22624233, 0.034302384, 0.19097511, 0.35995644, 0.2617299, 0.27920648, -0.20783736, 0.24102809, -0.21653019, 0.27307767, -0.25299734]
MobileNetV1/MobileNetV1/block-14x14_4/dw_Conv2d/BatchNorm/moving_variance:0,[0.14275399, 0.1341005, 0.04352517, 0.06362292, 0.067351416, 0.04803171, 0.05263205, 0.12404075, 0.10656866, 0.17042662, 0.1638704, 0.03984931, 0.03631313, 0.06679024, 0.12105216, 0.04344666, 0.0503024, 0.051746856, 0.11630188, 0.08832274, 0.102436274, 0.063647956, 0.080276005, 0.08239349, 0.119842164, 0.14034292, 0.12358013, 0.042894445, 0.10321133, 0.058167968, 0.12921287, 0.069420874]
MobileNetV1/MobileNetV1/block-14x14_4/conv/weights:0,[-0.0005562656, -0.036325343, -0.025059015, -0.046446785, 0.1003791, 0.08862984, -0.036099672, -0.03597817, 0.047885988, -0.0002676293, -0.13649224, -0.06386956, 0.03247025, 0.035369854, 0.14042112, -0.12813021, -0.053794395, -0.009311981, 0.07299793, -0.03164951, -0.008681246, 0.09577837, -0.033360656, 0.00988041, 0.10179127, -0.026176725, -0.087026216, -0.007178802, 0.024982601, 0.023646079, -0.0219344, 0.002308321]
MobileNetV1/MobileNetV1/block-14x14_4/conv/BatchNorm/beta:0,[0.053184804, 0.06047935, -0.1626574, 0.12898096, 0.08980573, 0.07410922, -0.369771, -0.32236263, 0.027366128, -0.18028796, -0.28083804, -0.004571942, -0.05991462, -0.17561866, -0.0985207, -0.023900919, 0.04435422, 0.121431366, 0.0944156, 0.101800665, 0.07575351, 0.07126638, 0.119989775, 0.19418709, 0.04435149, -0.099468045, 0.0633008, 0.16417657, 0.15633346, 0.10828606, -0.10811376, 0.057960693]
MobileNetV1/MobileNetV1/block-14x14_4/conv/BatchNorm/moving_mean:0,[-0.51261497, -0.40389845, -0.22014923, -0.67682004, -1.6721321, -0.7035051, -0.97670776, -1.5307635, 0.48968935, -0.049082123, -2.1106884, -0.18879028, 0.44289201, 0.6608324, -0.92830867, 0.46525297, -0.06786454, -0.60945696, -0.0057443012, 0.1414316, -0.9039793, 0.10980726, -0.11444144, -0.9660458, 0.34033883, 0.2330958, 0.791406, -0.45287257, -0.4008803, 0.14977545, -0.946856, 0.24248393]
MobileNetV1/MobileNetV1/block-14x14_4/conv/BatchNorm/moving_variance:0,[0.7869032, 0.7321463, 2.085653, 0.6116361, 0.9385546, 1.2075856, 2.459069, 2.3159125, 1.0412505, 2.1571372, 2.5656946, 1.0949954, 1.4855806, 2.23813, 3.0870419, 2.8862612, 0.86557215, 1.147253, 0.79806614, 1.127246, 0.88708514, 1.0501304, 1.0409193, 1.0195209, 1.6828568, 2.1038394, 0.8056037, 0.8684184, 0.9725469, 1.0962347, 2.4179077, 1.0240225]
MobileNetV1/dw_Conv2d_14_3x3/depthwise_weights:0,[0.037664723, -0.05199004, 0.08583063, -0.13734737, -0.14839287, -0.10138502, 0.12575139, -0.021776404, -0.16355473, 0.09864438, 0.033152446, -0.07492608, 0.10548366, 0.07745463, 0.07808785, 0.10281839, -0.12278897, -0.041448373, -0.056752432, -0.0565302, -0.047804758, -0.053983107, -0.08595072, -0.09126558, 0.15480334, 0.056663767, -0.034186807, -0.057668354, -0.096746236, -0.062209982, -0.054747615, -0.056964863]
MobileNetV1/dw_Conv2d_14_3x3/BatchNorm/beta:0,[0.113206096, 0.07251199, -0.25605053, 0.13949618, 0.37409234, 0.2041311, -0.14519808, -0.24497509, 0.23003583, -0.1333681, -0.10565011, 0.22999682, -0.20797053, -0.21600387, -0.10249486, -0.20955083, 0.13479947, 0.104358524, 0.18630134, 0.18131757, 0.084037036, 0.15694216, 0.11200641, 0.14462951, -0.031933397, -0.030679746, 0.12180412, 0.21003623, 0.11569549, 0.2216588, -0.16709977, 0.10115509]
MobileNetV1/dw_Conv2d_14_3x3/BatchNorm/moving_mean:0,[-0.23276985, -0.2043904, 0.2044576, -0.24281536, -0.13756053, -0.25087956, 0.16384089, 0.21574731, -0.19661076, 0.21352947, 0.21539935, -0.18926941, 0.21355669, 0.23396923, 0.27205566, 0.26164216, -0.22127715, -0.20634218, -0.2216132, -0.24523012, -0.21245338, -0.21972348, -0.19280607, -0.2752572, 0.2650066, 0.22863364, -0.22705613, -0.2629811, -0.20220093, -0.1983169, 0.2658501, -0.17165573]
MobileNetV1/dw_Conv2d_14_3x3/BatchNorm/moving_variance:0,[0.07592749, 0.060778845, 0.08741269, 0.08396651, 0.09437043, 0.06997565, 0.08787155, 0.13810869, 0.06426047, 0.11251839, 0.122738115, 0.052640796, 0.08314945, 0.12600303, 0.1384225, 0.11640908, 0.07215066, 0.051566217, 0.059001256, 0.077296935, 0.061534043, 0.058225404, 0.052362792, 0.07506327, 0.14971955, 0.10880266, 0.060269807, 0.07026679, 0.054407775, 0.064239636, 0.15914649, 0.04388186]
MobileNetV1/Conv2d_15_1x1/weights:0,[0.029463831, -0.04130737, -0.0981869, 0.01163476, 0.028929017, -0.01129063, -0.001149525, 0.04314982, -0.025892988, -0.024815058, -0.035659272, -0.024015391, 0.024082454, 0.034983788, -0.04300191, -0.022103742, 0.04895525, 0.028928453, 0.038089033, 0.003941657, 0.0050692754, -0.094356835, 0.023569195, 0.0077431514, -0.00055882835, 0.03571301, 0.034992043, 0.009165405, 0.01055396, -0.025133342, 0.029845286, -0.01027682]
MobileNetV1/Conv2d_15_1x1/BatchNorm/beta:0,[0.0012205428, 0.025757609, -0.15509194, 0.001906078, 0.0065618865, -0.06923808, -0.055323645, -0.058165412, -0.0006944953, -0.112150416, -0.04344716, 0.103388675, -0.032704655, 0.06345362, -0.08499582, -0.08490991, 0.012854094, -0.21726185, -0.01960064, -0.057960242, -0.13505632, -0.23291159, -0.04102624, 0.00026541483, -0.36175287, 0.028347746, 0.09295831, -0.0075228303, -0.1923948, 0.049590122, 0.0846901, 0.094864]
MobileNetV1/Conv2d_15_1x1/BatchNorm/moving_mean:0,[0.038684614, 0.460212, 0.09695395, 0.8339248, -0.07961398, 0.5777931, 0.077613875, 0.1978491, 0.35082784, -2.4344184, 0.43826687, -0.20521222, -0.5195543, -0.22110023, -0.7345482, -0.6895543, 0.046309926, -2.2206392, 0.3063195, -0.7596121, 0.8528238, -1.2394341, 0.31508967, -0.42847562, -0.26546538, -0.2515743, -0.22375308, -0.042304642, -1.2797983, -0.27620342, -0.18428954, -0.6572817]
MobileNetV1/Conv2d_15_1x1/BatchNorm/moving_variance:0,[0.61058354, 0.878703, 1.6516995, 0.9238878, 1.1061713, 0.6457809, 0.9227427, 1.0511912, 0.87445086, 2.0938895, 1.0002121, 0.8497982, 0.92095876, 0.83803713, 2.0139802, 0.92258495, 0.68362474, 2.1144135, 0.76078594, 1.008043, 1.4795561, 1.6571846, 0.9229789, 1.00867, 1.9515122, 0.9667002, 0.86235654, 0.995918, 2.3149035, 0.74544805, 0.98928297, 1.1616752]
MobileNetV1/dw_Conv2d_16_3x3/depthwise_weights:0,[-0.058312617, -0.084092066, 0.1118337, -0.08059097, -0.07988159, -0.07952276, -0.074991465, -0.09913543, -0.06023381, 0.1514019, -0.0877536, -0.095482975, -0.13508731, -0.08693976, 0.13253729, -0.06954483, -0.057925176, 0.14783633, -0.07634589, 0.2751826, 0.08794363, 0.09692483, -0.083510146, -0.07773586, 0.09209559, -0.07085409, -0.08960461, -0.06834105, 0.11718107, -0.084566586, -0.04897636, -0.099808864]
MobileNetV1/dw_Conv2d_16_3x3/BatchNorm/beta:0,[0.060589876, 0.089891106, -0.2880768, 0.06007183, 0.085940406, 0.14106175, 0.049537834, 0.0119346315, 0.0920179, -0.46974337, 0.04047526, 0.044009566, -0.08374902, 0.030139409, -0.5844925, 0.1055285, -0.20233463, -0.64136624, 0.073526785, -0.006025484, -0.14960033, -0.42942923, 0.13536653, -0.036478072, -0.36414137, 0.119104706, 0.0059412066, 0.035388287, -0.6175836, -0.03258648, -0.05268376, -0.088467956]
MobileNetV1/dw_Conv2d_16_3x3/BatchNorm/moving_mean:0,[-0.15971418, -0.15883075, 0.11867176, -0.12983012, -0.15148696, -0.13540894, -0.13118441, -0.12970452, -0.15450378, 0.13752, -0.12837689, -0.16189341, -0.016408885, -0.17378183, 0.14662212, -0.13413796, -0.0040193205, 0.14759417, -0.13586195, -0.04350596, 0.12276298, 0.13117056, -0.13846977, -0.14103924, 0.0870364, -0.14514917, -0.16580348, -0.1398361, 0.13426141, -0.14460023, -0.16587493, -0.16911371]
MobileNetV1/dw_Conv2d_16_3x3/BatchNorm/moving_variance:0,[0.03447943, 0.039406877, 0.027530724, 0.025620688, 0.031207655, 0.032462116, 0.029209679, 0.024640929, 0.036133006, 0.033927735, 0.027550824, 0.03602101, 0.08421968, 0.035437223, 0.037123688, 0.03427839, 0.034260176, 0.039906695, 0.027609726, 0.120205365, 0.028822517, 0.033995245, 0.033702154, 0.021078369, 0.01816397, 0.029744662, 0.036203563, 0.031507842, 0.030145505, 0.028285762, 0.026255146, 0.023641387]
MobileNetV1/Conv2d_17_1x1/weights:0,[0.043244738, 0.031691473, 0.017881168, 0.0015073309, -0.05714792, 0.006794939, 0.0069183866, -0.012187337, 0.032817923, 0.024927761, 0.011190785, -0.06557001, 0.03677361, -0.012221245, -0.045441587, -0.006908863, -0.06688863, -0.035937548, -0.03687247, 0.05817976, -0.060747325, 0.02610729, -0.02200034, -0.0015987059, 0.045795202, -0.053354103, 0.03629782, 0.019451864, 0.02088115, 0.020461688, -0.050945196, -0.04094778]
MobileNetV1/Conv2d_17_1x1/BatchNorm/beta:0,[-0.75251675, -0.6486445, -0.74257976, -0.5292388, -0.7822464, -0.7623974, -0.6603925, -0.6210183, -0.7068002, -0.59741366, -0.7061857, -0.5925349, -0.5720743, -0.62901837, -0.72795236, -0.6845306, -0.66083527, -0.65529203, -0.699409, -0.57770294, -0.7492429, -0.6779634, -0.60365963, -0.58365506, -0.73137367, -0.62766105, -0.75128603, -0.7519054, -0.5664496, -0.71852946, -0.66601217, -0.5718034]
MobileNetV1/Conv2d_17_1x1/BatchNorm/moving_mean:0,[-2.9262977, -2.6298864, -3.3129692, -1.6153934, -2.3777926, -3.232346, -2.9130263, -1.0167207, -1.2548944, -2.851056, -1.8649476, -2.3492768, -2.0389245, -1.8371781, -2.0032315, -1.7726078, -2.1984494, -1.9791006, -1.5400691, -2.7598403, -3.0054655, -1.6625084, -1.0903615, -2.1314833, -3.2339096, -1.4011933, -3.199493, -3.4029367, -2.5563388, -2.8485818, -1.4408269, -2.9075303]
MobileNetV1/Conv2d_17_1x1/BatchNorm/moving_variance:0,[1.2998838, 1.3500346, 1.208451, 1.4112277, 1.1018777, 1.3888599, 1.3613607, 1.3005898, 1.0936279, 1.2007393, 1.2064604, 1.2297072, 1.2283038, 1.2810072, 1.3294761, 1.247277, 1.3170645, 1.3496876, 1.2235516, 1.3610207, 1.2110589, 1.2433763, 1.2546934, 1.22592, 1.3243297, 1.2800037, 1.3106253, 1.2610651, 1.2333827, 1.0837637, 1.2440321, 1.2616119]
MobileNetV1/Bottleneck2/weights:0,[-0.060442694, 0.012457026, -0.007989189, -0.07499332, -0.10346597, -0.009479366, -0.06484556, 0.036949378, 0.04110959, 0.026628371, 0.015452005, -0.014099357, 0.036566056, 0.07942177, -0.05492017, 0.01726416, 0.019882662, -0.018981816, 0.08168017, -0.015090331, 0.05795765, -0.05563729, -0.069823176, 0.12516473, 0.022580141, 0.052396093, 0.10386016, 0.011982992, 0.4083601, 0.10897041, -0.036966316, 0.012604862]
MobileNetV1/Bottleneck2/BatchNorm/beta:0,[-0.1761508, -0.1971049, -0.13745573, -0.29709318, -0.14028236, 0.03651171, -0.006613252, -0.15013686, 0.0366425, 0.012681582, -0.25877616, -0.34808546, -0.18818411, -0.18954778, -0.330697, -0.18520379, -0.11728972, -0.17821182, -0.13076635, -0.26397845, -0.16110213, -0.07406551, -0.042423747, 0.15383585, -0.25149685, -0.39328936, 0.00788612, -0.2545195, -0.25990248, 0.017421534, -0.15753108, -0.1190791]
MobileNetV1/Bottleneck2/BatchNorm/moving_mean:0,[0.029743254, 0.08568786, 0.08634682, 0.017677149, 0.019556627, 0.022656837, 0.094019726, -0.023061223, 0.025987215, -0.044076078, 0.035421625, 0.018652882, 0.030263467, -0.0054742736, 0.035775747, 0.032714386, 0.026365139, 0.0051010307, -0.04401927, 0.027990974, 0.052009612, -0.052093945, 0.023858365, 0.0038210095, 0.012487809, 0.08400841, 0.007893021, -0.0077343904, -0.022302628, 0.02067832, 0.0153500615, 0.013285499]
MobileNetV1/Bottleneck2/BatchNorm/moving_variance:0,[0.030047439, 0.026020544, 0.031464085, 0.029143477, 0.029723631, 0.034738746, 0.031747416, 0.030136064, 0.0342714, 0.029226115, 0.024274796, 0.0211148, 0.0252023, 0.026380274, 0.021959689, 0.026490713, 0.027446011, 0.024143267, 0.0274172, 0.02421931, 0.0263625, 0.034557857, 0.028529853, 0.035548553, 0.026044333, 0.02517892, 0.03648779, 0.028687516, 0.028219823, 0.03625499, 0.028943336, 0.02835738]
